{"stats":{"minecraft:mined":{"byg:baobab_log":64},"minecraft:crafted":{"byg:baobab_planks":28},"minecraft:used":{"minecraft:written_book":1,"minecraft:bread":3,"byg:baobab_planks":8,"alexsmobs:animal_dictionary":1},"minecraft:custom":{"minecraft:time_since_rest":8484,"enigmaticlegacy:play_time_with_seven_curses":0,"minecraft:waystone_activated":1,"minecraft:crouch_one_cm":2684,"lootr:looted_stat":6,"minecraft:play_time":8484,"minecraft:sprint_one_cm":25627,"minecraft:damage_taken":80,"minecraft:walk_one_cm":14332,"minecraft:sneak_time":782,"minecraft:walk_under_water_one_cm":94,"minecraft:drop":2,"minecraft:jump":113,"minecraft:leave_game":1,"minecraft:walk_on_water_one_cm":215,"minecraft:time_since_death":8484,"minecraft:total_world_time":8484,"enigmaticlegacy:play_time_without_seven_curses":8484,"minecraft:climb_one_cm":10526,"minecraft:swim_one_cm":2136,"minecraft:fall_one_cm":9546,"minecraft:fly_one_cm":20340},"minecraft:dropped":{"byg:biomepedia":1,"alexsmobs:animal_dictionary":1},"minecraft:picked_up":{"minecraft:wheat":3,"byg:baobab_log":64,"minecraft:wheat_seeds":9}},"DataVersion":3120}